family,rank,triangles,structuralPass,roundtripPass,roundtripBoundsError,independentVertexError,independentMaterialError,frontIoU,backIoU,leftIoU,rightIoU,meanIoU,all4ViewsMeet097,referenceLandmark1PercentEvaluated,glbSha256
soldier,1,1152,True,True,0.0,3.5762786865234375e-07,0,0.6820846905537459,0.6858684036435805,0.4953639313861845,0.5061649038742476,0.5923704823644396,False,False,000cb02203cfb3dc05ba9e5852bb6405ff85406b534b050e7093d2b56b4b747b
soldier,2,1176,True,True,0.0,0.0,0,0.7440061871616396,0.737319587628866,0.5810393778545858,0.5889867841409692,0.6628379841965151,False,False,ada06efd986db6b43f64da3ec32135487b2bc6c9233bbe5df4efa408fadce841
soldier,3,1360,True,True,0.0,3.5762786865234375e-07,0,0.7753003839960362,0.7832929267151546,0.5453957299978435,0.5581722700449353,0.6655403276884924,False,False,28722e041cad5374a8df7aed591b99efd4e0ba04a8be82b2ac6b88472fdd94ce
soldier,4,1388,True,True,0.0,3.686343745812337e-07,0,0.7469830563569135,0.7520630000418883,0.6333018920268546,0.6335804965734187,0.6914821112497688,False,False,f2039e30c104d278d2f8d557f73cdf4a3eaa2801bc981d9e8990233829bee70d
soldier,5,1556,True,True,0.0,1.7881393432617188e-07,0,0.7527827451552863,0.7815995418973086,0.6014994508380689,0.6142714807610191,0.6875383046629208,False,False,b2aa5cc50d25ab62683462a769c08042605230c588206483800f62b6f78480b4
soldier,6,1408,True,True,0.0,3.769728778024728e-07,0,0.7241097448290568,0.7120237329330188,0.6766928507507209,0.6715534119669547,0.6960949351199378,False,False,d10e7ef992096d55749450de3fbd33c9efff0e36f807b2245ea6bdcd91a2bd3c
archer,1,1166,True,True,0.0,3.5762786865234375e-07,0,0.6813247841672136,0.7324538533736573,0.5755664263645726,0.5958929917106255,0.6463095139040173,False,False,49a217e2ae4559d14bb6e65f827d2aae1ac8e5d5be403f4732a1a7070a459e5c
archer,2,1278,True,True,0.0,0.0,0,0.7276633141294795,0.7261957213491947,0.5991855043380747,0.6482558139534884,0.6753250884425593,False,False,7f36d6a4bec7dda0cf99d319862274e8bc0067fe9e09f4735e240fe4c63bff8f
archer,3,1358,True,True,0.0,3.5762786865234375e-07,0,0.7439118407328466,0.7172404590338938,0.616778628339322,0.7055740087191198,0.6958762342062955,False,False,b96947c99d8bd1c08e69360f5685e114c93f85d2835c8b4944aec9a7dccb9159
archer,4,1342,True,True,0.0,3.769728778024728e-07,0,0.7013657752783198,0.6751784621660208,0.6225066195939982,0.6771216097987751,0.6690431167092785,False,False,91551ac9b85c24db9784528ce35816269ff92f70997c85a545e7ffa72084dd8e
archer,5,1398,True,True,0.0,1.4901161193847656e-07,0,0.6732606242948477,0.69523550865213,0.6613799647553206,0.6907470440702257,0.680155785443131,False,False,e864d789f832450bb07bd24a9524ae5bb03d7c25cd07cd2e9a7ca54cf6bb756a
archer,6,1418,True,True,0.0,3.705119127062062e-07,0,0.6541119798938844,0.6561359489051095,0.6390814196242172,0.6911021448290507,0.6601078733130654,False,False,1539f166e126f335f47056a7766d58d5f73a8bb8dc82e38acbb24b77ec22766a
druid,1,1210,True,True,0.0,3.5762786865234375e-07,0,0.7214814814814815,0.7123048668503213,0.507553975639082,0.4603754439370878,0.6004289419769931,False,False,506e4ff9aa30c478a0d3afd8aeb4bac958decef7e6fc5e6d26cda07981483a80
druid,2,1298,True,True,0.0,2.9802322387695312e-08,0,0.720754716981132,0.7001237514364006,0.46401947360413814,0.42497158950541036,0.5774673828817702,False,False,609ef63c8eb8a672da12fa22b135d52229c6d480b3e8e1838fbaea0a6e164ad6
druid,3,1422,True,True,0.0,3.5762786865234375e-07,0,0.711822549503839,0.6473792265471152,0.4563584821206545,0.4059753110139776,0.5553838922963966,False,False,ea95d4334eb36dc8200fe19a76b00c2372e5c68e5b9681110e6cd694de8f743d
druid,4,1470,True,True,0.0,3.686343745812337e-07,0,0.643511184947649,0.5989408716854617,0.4136775204596901,0.37357621440536015,0.5074264478745403,False,False,2cf8b1a706399a698688b564bef58d91010797a89b8e3c5b33c1b360b31a5754
druid,5,1482,True,True,0.0,3.2782554626464844e-07,0,0.6207409058819158,0.6122085145831848,0.42029047415634346,0.36027224192036517,0.5033780341354523,False,False,484edb8f0ef1f6bbd799c54372f93e93d87dd8304435c3874ba4294ff989817f
druid,6,1482,True,True,5.960464477539063e-08,3.6256091107134125e-07,0,0.7142857142857143,0.6022394835065066,0.44919742853677275,0.39478520560532965,0.5401269579835808,False,False,459fa9653f0a53218f47b3711c5525fe2d8551dda665c2fde3c7d9b3ced58734
mage,1,964,True,True,0.0,3.5762786865234375e-07,0,0.7085998578535891,0.7244414701945846,0.6480754621423145,0.6354605469977994,0.6791443342970719,False,False,ff1957bb4bc55f355eb4038333080581b891ed32be17ff762c86e451f90faffb
mage,2,1136,True,True,0.0,2.9802322387695312e-08,0,0.6446411195032667,0.6655685240963856,0.6037702503681885,0.6084233132494183,0.6306008018043148,False,False,986763cf9c6e1152cb2a702cd47bae400f225d038e7e057f2b2c95553e943349
mage,3,1296,True,True,0.0,3.5762786865234375e-07,0,0.6787400910777535,0.6846931377148463,0.6308316430020284,0.6304957904583723,0.6561901655632502,False,False,ac0af8e124212f5059fbb851bec3b425ab742267a7da65285b05fe38b2c25639
mage,4,1400,True,True,0.0,3.686343745812337e-07,0,0.634552049026556,0.6068197924048522,0.6203425559947299,0.6184873949579832,0.6200504480960303,False,False,f0792c8cfe02519b4ca462357c24195e1403cb6a4b3d1628f08d3e145f87daa5
mage,5,1424,True,True,5.960464477539063e-08,3.2782554626464844e-07,0,0.6353795004865391,0.634012129975499,0.6052155705719996,0.5855348837209302,0.6150355211887419,False,False,6368cf4f943bace853787285e4a15e00e00a40368e6e6f53790cc110ad26af9b
mage,6,1420,True,True,5.960464477539063e-08,3.6256091107134125e-07,0,0.6007220479906644,0.6203206519669446,0.6249539255436786,0.6290625716250287,0.618764799281579,False,False,f886a63f754f250320b68b65ae3bfeef7bcb6a1676c31a534fcc220affe76897
cleric,1,1126,True,True,0.0,3.5762786865234375e-07,0,0.771585279547063,0.7332210302331768,0.6318955847863771,0.6668263090676884,0.7008820509085762,False,False,13aa988b15ef9c8a264251c65e5c584a00beac05157c52a194927cf29a22e9f4
cleric,2,1250,True,True,0.0,2.9802322387695312e-08,0,0.7596252053821217,0.7286609240407205,0.6433840841312196,0.6490480698432733,0.6951795708493338,False,False,709637d14ddc213cb30afd92b09d9941455728f68e7a32ee1ef4fd12d44265ac
cleric,3,1250,True,True,0.0,3.5762786865234375e-07,0,0.7069645767218458,0.7007724452323667,0.6491263817431613,0.6610605359255259,0.679480984905725,False,False,e18b16f682a727b3267684bbf1b68894c67abb964a4370d64460da15eb980427
cleric,4,1354,True,True,0.0,3.686343745812337e-07,0,0.6739793053661667,0.649290623367228,0.621438128747708,0.6402448201474941,0.6462382194071492,False,False,d166242497c9c8fbd52a4debdeb345ae133720959bb678e9b9089c6596cfb83a
cleric,5,1354,True,True,0.0,2.980232238769531e-07,0,0.6630384792273494,0.669704224264422,0.6749698867742713,0.6074567490054584,0.6537923348178752,False,False,a17588997a68597e44afa836e0df38c14f3d52672d7ae5eacbaf91d9aaa66382
cleric,6,1270,True,True,0.0,3.6256091107134125e-07,0,0.5613169973068315,0.5967859751643535,0.6616159073747797,0.5307660108832147,0.5876212226822949,False,False,9895952772ef98c379ee262a63e4cd76e9886be1ffa10ced13b7850bb6350074
runebreaker,1,1272,True,True,5.960464477539063e-08,3.73719217350299e-07,0,0.6311847480708125,0.6112578665216378,0.5682391456018892,0.6058608464436074,0.6041356516594867,False,False,37c11ef80b3fff9e4bb00a05ca500137e29840cf863f21e016272003d7d8cc9f
runebreaker,2,1420,True,True,5.960464477539063e-08,2.4575624024691933e-07,0,0.6377634312852478,0.6357443551473402,0.5849824490003561,0.6015903340734239,0.615020142376592,False,False,6f8b3c81ffc4854588454b029b59d2bd7a5201ca1b1870bcd332fa75e47ca981
runebreaker,3,1756,True,True,5.960464477539063e-08,3.816559512870299e-07,0,0.6241152498748839,0.6214164305949008,0.5866791930379747,0.6048797701265313,0.6092726609085727,False,False,c74c6774b9a60d86a38c0b33561ffbf1a91cb5a250748bfe30c3743965da6a68
runebreaker,4,1776,True,True,5.960464477539063e-08,3.8397607227125263e-07,0,0.6720385098367517,0.6575892857142858,0.5853487720608833,0.589453771577205,0.6261075847972815,False,False,de00f1ee4c7a880752c40018eac6f68b473b62db851130b2697d484e1c228303
runebreaker,5,1760,True,True,5.960464477539063e-08,2.747638347955217e-07,0,0.6670396922538906,0.6663956539413873,0.5916798013086879,0.589952380952381,0.6287668821140867,False,False,138b6776b5eb2224adf7dc0a95f53f8c9ed5b5d479c8779e820f775298881d06
runebreaker,6,1864,True,True,5.960464477539063e-08,3.9198835111164954e-07,0,0.7315981735159818,0.6936735912505106,0.6025329504454753,0.6265181807989835,0.6635807240027378,False,False,f1a922ccb110e21dcd404338e5b21656adc60d95097c065025f480f0a2ad514b
frostwarden,1,1114,True,True,0.0,3.5762786865234375e-07,0,0.7955679962677863,0.7823815028901734,0.6439716312056738,0.7171959591449462,0.7347792723771449,False,False,a3308cf72fd3900e8715319211a6d760d645ab3adb6be01a2d7efba8a76d40d3
frostwarden,2,1150,True,True,0.0,0.0,0,0.7755949603359776,0.7424874982795797,0.643602989668059,0.6751784733662822,0.7092159804124747,False,False,6cba7740d78a2f757acb07c88a9c51f807fe5d5a5aa28e0aab4e7cf23f8c59ab
frostwarden,3,1214,True,True,0.0,3.5762786865234375e-07,0,0.6312807576196187,0.6396277690850696,0.6062428704759929,0.609433579896646,0.6216462442693318,False,False,450ab54d0e3e0a22440b24aff0269cb924760a0d97f91629541318f11705a364
frostwarden,4,1214,True,True,0.0,3.6256091107134125e-07,0,0.5981168673725047,0.5814590890769851,0.5978405403967874,0.5765895237623272,0.588501505152151,False,False,43e35e8fae0c0fd8abd4f19cefd797daca93105ac81e438cf3b3d0d9e85d5a17
frostwarden,5,1214,True,True,0.0,1.4901161193847656e-07,0,0.6960181399663311,0.6603037625129444,0.6401232638113528,0.6193460374301915,0.6539478009302049,False,False,83663c755c554d75b050f8be9f6e16328b210237bac8e42d554eb40aadc728c1
frostwarden,6,1254,True,True,0.0,3.769728778024728e-07,0,0.7611430945456704,0.5912932635020922,0.6510116948208651,0.6397929261847012,0.6608102447633322,False,False,b95da422216369eb2d0a583b6a3b27511f8719c0c7301ca57baf30a5e4374abb
stormcaller,1,976,True,True,0.0,3.5762786865234375e-07,0,0.6773439933547918,0.7384300414848338,0.5636834132794749,0.5476456702695988,0.6317757795971748,False,False,e42af6268e10237b11fc957373d06284fdefc9aa589385515b4da25d22036d90
stormcaller,2,1156,True,True,0.0,2.9802322387695312e-08,0,0.7635885736956953,0.7890778781608035,0.5351384410096742,0.5145977508650519,0.6506006609328062,False,False,0df942082a14a1147b03d2cc28bd2c2c1f9fef83d6a37df6e79c95ab33c3fa65
stormcaller,3,1156,True,True,0.0,3.588674815091508e-07,0,0.7226834621624201,0.712017108795559,0.5064714619138553,0.44727452923686817,0.5971116405271757,False,False,9da5db26dbad62a4a9737a25bd27206a5246685dfbd538c8dc8df68673340b8c
stormcaller,4,1156,True,True,0.0,3.653064482023183e-07,0,0.6643294986984634,0.6885067654639175,0.5700839995951826,0.48523075556345224,0.6020377548302539,False,False,cac0973e44f58b35c5b3db1979709e78af03ead8ef8204dcf5f169a107e1f79d
stormcaller,5,1200,True,True,0.0,1.4901161193847656e-07,0,0.6545137447055892,0.7173389892727495,0.5105723569107723,0.4779134494523254,0.5900846350853591,False,False,aa266fef0381df4b93cc02b7b3a16c86e583235eca310371e9219d5986cf9b77
stormcaller,6,1260,True,True,0.0,3.6256091107134125e-07,0,0.6481861165739152,0.7258138277969484,0.4745090357020422,0.4894366197183099,0.5844863999478039,False,False,e3efb01cee788c8901590d631a428df2772b7c880bcefb98898766043c50aacb
